\c crime

INSERT into CITIZEN values('Ashok Kumar', 40, 'M' ,'450 Vijayanagar, Bangalore', '1975-05-22', 9283386487667837, 987573653);
INSERT into CITIZEN values('Sarasvathi Prasad', 35, 'F' ,'625 Rajajinagara, Bangalore', '1984-04-12', 3457786543678954, 9876567895);
INSERT into CITIZEN values('Vinod Chaubey', 35, 'M' ,'638 Basavanagudi,Bangalore', '1984-05-12', 5676543218908765, 9876545678);
INSERT into CITIZEN values('Pallavi Ramesh', 32, 'F' ,'628 Peenya, Bangalore', '1987-02-24', 6787654356789876, 9876787654);
INSERT into CITIZEN values('Rakesh Maria', 40, 'M' ,'731 Banashankari,Bangalore', '1975-05-30', 8765677654389760, 9098435609);
INSERT into CITIZEN values('Ranjith Mooshahary', 25, 'M' ,'291 K.R.Purum, Bangalore', '1994-10-12', 7865432178980875, 9087654790);
INSERT into CITIZEN values('Bhargavi Raam', 31, 'F' ,'429 Malleshwarum, Bangalore', '1988-06-01', 8988976654332145, 9987896512);
INSERT into CITIZEN values('Sangram Singh', 40, 'M', '3321 Katriguppe, Bangalore', '1975-04-30', 5678435678456785, 9086453646);
INSERT into CITIZEN values('Mala Raj', 35, 'F' ,'625 Malleshwarum, Bangalore', '1984-09-21', 7897654309870200, 9087689064);
INSERT into CITIZEN values('Ramesh Narayan', 35, 'M' ,'975 Girinagara, Bangalore', '1984-07-23', 3478904688930989, 8987309827);
INSERT into CITIZEN values('Nagaraj Madhav', 35, 'M' ,'453 Peenya, Bangalore', '1984-07-14', 9087683627345672, 8988762534);
INSERT into CITIZEN values('Nayana Madhav', 38, 'F' ,'546 Koramangal, Bangalore', '1981-01-05', 5678245638894004, 9890976543);
INSERT into CITIZEN values('Mohini Dhanraj', 30, 'F' ,'535 Basavangudi, Bangalore', '1989-04-24', 9090876789098764, 8907564367);
INSERT into CITIZEN values('Sanjeev Tripathi', 32, 'M' ,'5631 Yashavanthapura,Bangalore', '1987-11-12', 9201647890325467, 8901236748);
INSERT into CITIZEN values('Rajeev Shankar', 32, 'M' ,'561 Yashavanthapura,Bangalore', '1987-04-12', 1230987689543267, 8907865436);
INSERT into CITIZEN values('Sharath Kumar', 28, 'M' ,'167 Banashankari, Bangalore', '1984-04-12', 9988115526376548, 8829917389);
INSERT into CITIZEN values('Shankar Bidari', 28, 'M' ,'980 Chamarajapete, Bangalore', '1991-03-31', 5647898725100927, 8351730017);
INSERT into CITIZEN values('Ramya Bharghav', 40, 'F' ,'564 Banashankari, Bangalore', '1979-12-12', 898722345567891, 9900876112);
INSERT into CITIZEN values('Divya Spandana', 28, 'F' ,'346 Mejestic, Bangalore', '1991-08-23', 5673877638894004, 9988675512);
INSERT into CITIZEN values('Divya Nagaraj', 37, 'F' ,'761 Chikkpete, Bangalore', '1982-09-22', 9087897643212314, 9087897123);
INSERT into CITIZEN values('Sudha Bhaskar', 33, 'F' ,'645 Ramanagara, Bangalore', '1986-07-09', 8988765543234567, 8897665432);
INSERT into CITIZEN values('Prakash Rao', 34, 'M' ,'546 Basavanagudi, Bangalore', '1985-03-27', 8768909987654112, 8899076112);
INSERT into CITIZEN values('Suresh Guptha', 42, 'M' ,'653 Indiranagar, Bangalore', '1977-12-23', 8790987624516725, 7893253646);
INSERT into CITIZEN values('Mahesh Kumar', 40, 'M' ,'576 Ittumadu, Bangalore', '1979-06-27', 9807765881425321, 9987611234);
INSERT into CITIZEN values('Varun Mishra', 29, 'M' ,'436 Kathriguppe, Bangalore', '1990-07-02', 8799076554326781, 9877890654);


INSERT into POLICE values ('Ashok Kumar', 888665555, 40,'M', '450 Vijayanagar, Bangalore', 01, NULL);
INSERT into POLICE values ('Vinod Chaubey',333445555, 35, 'M', '638 Basavanagudi,Bangalore', 02, NULL);
INSERT into POLICE values ('Saraswathi Prasad',634562444, 35, 'F', '625 Rajajinagara, Bangalore', 04, 333445555);
INSERT into POLICE values ('Pallavi Ramesh',874932444, 32, 'F', '628 Peenya, Bangalore', 11, 333445555);
INSERT into POLICE values ('Rakesh Maria',12345678, 40, 'M','731 Banashankari,Bangalore',03, 333445555);
INSERT into POLICE values ('Ranjith Mooshahary',987654321, 25, 'M', '291 K.R.Purum, Bangalore', 12, NULL);
INSERT into POLICE values ('Sangram Singh',999887777, 40, 'M', '3321 Katriguppe,Bangalore', 13, 987654321);
INSERT into POLICE values ('Mala Raj',634345673, 35, 'F', '625 Malleshwarum, Bangalore', 05, NULL);
INSERT into POLICE values ('Ramesh Narayan',666884444, 35, 'M', '975 Girinagara, Bangalore', 14, 634345673);
INSERT into POLICE values ('Mohini Dhanraj',634334523, 30, 'F', '535 Basavangudi, Bangalore', 15, 888665555);
INSERT into POLICE values ('Sanjeev Tripathi',453453453, 32, 'M', '5631 Yashavanthapura,Bangalore', 16, 333445555);
INSERT into POLICE values ('Raajeev Shankar',45634284, 32, 'M', '561 Yashavanthapura,Bangalore', 06, 333445555);
INSERT into POLICE values ('Shankar Bidari',987987987, 28, 'M', '980 Chamarajapete, Bangalore', 08, 987654321);
INSERT into POLICE values ('Ramya Bharghav',345234786, 40, 'F', '564 Banashankari, Bangalore', 17, 987987987);
INSERT into POLICE values ('Divya Spandana',234564734, 28, 'F', '346 Mejestic, Bangalore', 18, 987987987);


INSERT into POLICE_STATION values(01, 'Vijayanagara', '16th main, 20th cross,Vijayanagara', 'Ashok Kumar', 987573653,'vijaya@gmail.com');
INSERT into POLICE_STATION values(04, 'Rajajinagar', '6th main, 22th cross,Rajajinagar', 'Ramesh narayan', 8987309827,'rajaji@gmail.com');
INSERT into POLICE_STATION values(03, 'Banashankari', '2nd main, 22th cross,Banashankari', 'Rakesh Maria', 9098435609,'banashankari@gmail.com');
INSERT into POLICE_STATION values(17, 'Kathriguppe', '12nd main, 35th cross,Kathriguppe', 'Sangram Singh', 9086453646,'kathriguppe@gmail.com');
INSERT into POLICE_STATION values(05, 'Malleshwarum', '4th main, 20th cross,Malleshwarum', 'Mala Raj', 9087689064,'malleshwarum@gmail.com');
INSERT into POLICE_STATION values(06, 'Yashavanthapura', '14th main, 6th cross,Yashavanthapura', 'Raajeev Shankar', 8907865436,'yashavantha@gmail.com');
INSERT into POLICE_STATION values(08, 'Chamarajapete', '22th main, 16th cross,Chamarajapete', 'Shankar Bidari', 8351730017,'chamarajapete@gmail.com');
INSERT into POLICE_STATION values(02, 'Attible', '18th main, 25th cross,Attible', 'Nayan Kumar', 9098721456,'attible@gmail.com');
INSERT into POLICE_STATION values(18, 'Kalasipalya', '18th main, 25th cross,Kalasipalya', 'Rohith Mehera', 9632984498,'kalasipalya@gmail.com');
INSERT into POLICE_STATION values(11, 'Shivajinagara', '27th main, 30th cross,Shivajinagara', 'Narun Kashyap', 8197122634,'shivajinagara@gmail.com');
INSERT into POLICE_STATION values(12, 'Trinity', '27th main, 30th cross,Trinity', 'Aditya Rao', 9879987683,'trinity@gmail.com');
INSERT into POLICE_STATION values(14, 'Mysore', '25th main, 19th cross,Mysore', 'Preethum Kini', 7026899892,'mysore@gmail.com');



INSERT into CRIMINAL values(101, 'Murder', 324 ,9283386487667837, 888665555);
INSERT into CRIMINAL values(111, 'Kidnappig', 345,3457786543678954, 634562444);
INSERT into CRIMINAL values(122, 'Robbery', 346,5676543218908765, 333445555);
INSERT into CRIMINAL values(133, 'Burglary', 303,6787654356789876, 874932444);
INSERT into CRIMINAL values(145, 'Child Abuse', 366,8765677654389760, 12345678);
INSERT into CRIMINAL values(245, 'Cyber Bullying', 356,7865432178980875, 987654321);
INSERT into CRIMINAL values(342, 'Fraud', 277, 5678435678456785, 999887777);
INSERT into CRIMINAL values(241, 'Homicide', 329,7897654309870200, 634345673);
INSERT into CRIMINAL values(624, 'Identity Theft', 387,3478904688930989, 666884444);
INSERT into CRIMINAL values(242, 'Insurance Fraud', 367,9090876789098764, 634334523);
INSERT into CRIMINAL values(345, 'Perjury', 398,9201647890325467, 453453453);

INSERT into AVOCATION values(324, 553, 'Divya Nagaraj','Iprisenment', 'Iprisenment for 6 months');
INSERT into AVOCATION values(345, 542, 'Mahesh Kumar','Iprisenment', 'Iprisenment for 12 months');
INSERT into AVOCATION values(346, 992, 'Vishal Sinha','NULL', 'NULL');
INSERT into AVOCATION values(303, 420, 'Sharath Kumar','Fine', 'Fine of Rs.10,000');
INSERT into AVOCATION values(366, 193, 'Divya Spandana','Fine', 'Fine of Rs.25,000');
INSERT into AVOCATION values(356, 131, 'Radha Mohan','NULL', 'NULL');
INSERT into AVOCATION values(277, 428, 'Ramesh Narayan','Death Penalty', 'Death Penalty for cummiting murder');
INSERT into AVOCATION values(329, 932, 'Sangram Singh','NULL', 'NULL');
INSERT into AVOCATION values(387, 453, 'Rani GM','Fine', 'Fine of Rs.5,000');
INSERT into AVOCATION values(367, 976, 'Maharani Goutham','NULL', 'NULL');
INSERT into AVOCATION values(398, 445, 'Gouthami Guptha','Fine', 'Fine of Rs.5,000');

INSERT into COMPLAINT values('Bhargavi Raam', 100, 'Murder', '2010-07-09','Ashok Kumar', 8988976654332145);
INSERT into COMPLAINT values('Nagaraj Madhav', 110, 'Kidnappig', '2011-07-08','Ashok Kumar', 9087683627345672);
INSERT into COMPLAINT values('Sharath Kumar', 290, 'Robbery', '2013-05-08', 'Shankar Bidari', 9988115526376548);
INSERT into COMPLAINT values('Divya Nagaraj', 240, 'Burglary', '2015-05-11', 'Shankar Bidari', 9087897643212314);
INSERT into COMPLAINT values('Varun Mishra', 232, 'Child Abuse', '2012-05-01', 'Mala Raj', 8799076554326781);
INSERT into COMPLAINT values('Mahesh Kumar', 332, 'Homicide', '2017-05-01','Mala Raj', 9807765881425321);
INSERT into COMPLAINT values('Prakash Rao', 344, 'Insurance Fraud', '2018-04-01', 'Ranjith Mooshahary', 8790987624516725);

SELECT FNAME,Age
FROM POLICE
WHERE Age='32' AND Gender='M';

SELECT *
FROM POLICE
WHERE AGE<'30' AND Gender='F';

SELECT *
FROM POLICE
WHERE AGE > '40' AND Gender='M';

SELECT *
FROM CITIZEN,POLICE AS P
WHERE Fname=Cname AND P.Gender='M';

SELECT Cname, gender
FROM CITIZEN AS C, COMPLAINT AS CO
WHERE C.Adhar_no=CO.Adhar_no;

SELECT MAX(Age) 
FROM POLICE;

SELECT S.Sname,S.Ward_no,S.PSIname
FROM POLICE AS P, POLICE_STATION AS S
WHERE S.Ward_no=P.Ward_no AND P.Gender='F';




